<?xml version="1.0" encoding="utf-8"?><feed xmlns="http://www.w3.org/2005/Atom" ><generator uri="https://jekyllrb.com/" version="4.3.2">Jekyll</generator><link href="https://blog.jdonado.com/feed.xml" rel="self" type="application/atom+xml" /><link href="https://blog.jdonado.com/" rel="alternate" type="text/html" /><updated>2023-02-12T22:21:23+01:00</updated><id>https://blog.jdonado.com/feed.xml</id><title type="html">JDonado’s README</title><subtitle>F. Javier R. Donado\&apos;s blog about software architecture, development and technology</subtitle><author><name>F. Javier R. Donado</name><email>jdonado@jdonado.com</email><uri>https://www.jdonado.com</uri></author><entry><title type="html">The Yin and Yang of Software Development</title><link href="https://blog.jdonado.com/yin-and-yang/" rel="alternate" type="text/html" title="The Yin and Yang of Software Development" /><published>2021-06-05T00:00:00+02:00</published><updated>2021-06-05T00:00:00+02:00</updated><id>https://blog.jdonado.com/yin-and-yang</id><content type="html" xml:base="https://blog.jdonado.com/yin-and-yang/"><![CDATA[<h2 id="what-is-software-development-all-about">What Is Software Development All About?</h2>

<p>Depending on who you ask, even when asking professionals that have been many years in the industry, you’ll get very different answers. In my experience, there are two clear trends:</p>

<ul>
  <li>
    <p><strong>Software Development is a craft</strong>. Your job as a software developer is similar in many ways to the job of a gardener. You don’t have a big plan because you don’t need one. You’re starting small, you’re alone and you’re building things along the way. If you’re a good gardener, however, you’ll be clean and you’ll pay attention to the tricky parts of your garden because you know that unless you keep them under control, they’ll soon get out of hand.</p>
  </li>
  <li>
    <p><strong>Software Development is an Engineering discipline</strong>. Now there’s a plan. You have one or even various teams, and you’re building something big and complex for which there are clear requirements and constraints. There’s a need for a well-defined architecture, as well as processes that ensure the <strong>quality requirements</strong>. <a href="https://en.wikipedia.org/wiki/Agile_software_development">Agile methodologies</a> might let you delay part of the decision-making, but you cannot sacrifice quality.</p>
  </li>
</ul>

<p>You might call it the <em>Yin and Yang of Software Development</em>. I think that both statements are true to some extent, but one might rule over the other depending on the context.</p>

<p>There’s almost always some craft or even some art in the process of software development. When you’re writing code, more often than not you’re not following a scientifically rigorous method. Instead of that, you rely on pre-existing components and on your experience to build things that work. If you need metrics, these metrics usually come after you’ve already built something. However, depending on the context, you might need to apply engineering processes and quality standards that resemble those used in other engineering disciplines.</p>

<p>These two definitions raise two new questions:</p>

<ul>
  <li>In which context will one definition rule over the other?</li>
  <li>What is quality in software?</li>
</ul>

<h2 id="business-is-the-context">Business Is the Context</h2>

<p>When you build software in the context of a startup that is creating a new product from scratch, there are usually so many unknown factors about the final product that it often makes little sense to apply most software quality measures.</p>

<p>If you follow <a href="https://www.thoughtworks.com/books/understanding-design-thinking-lean-agile-jonny-schneider">Design Thinking, Lean and Agile</a> principles, you’ll continuously perform experiments and collect data to test your hypotheses. This way, on each iteration you gain more insights about the right direction for your product.</p>

<p>Usually, during the initial iterations, you’ll have a pretty small team (maybe just one developer), and the advantages of applying software quality principles might not be too clear because oftentimes the code that you’re writing won’t live very long.</p>

<p>As Johnny Schneider explains in <a href="https://www.goodreads.com/en/book/show/35784015">Understanding Design Thinking, Lean and Agile</a>:</p>

<blockquote>
  <p>[…] Much of this experimentation might not involve writing a line of code—after all, <strong>working software is still an experiment, just a really expensive one</strong>. As confidence increases and software is the experiment, Agile is how teams constantly adapt to change, repeatedly adjusting their course and taking the next steps</p>
</blockquote>

<p>Therefore, during the initial phases of a startup, you should better spend your time experimenting and collecting data about your experiments to continue taking well-informed decisions. You can interpret this as a technical variant of Paul Graham’s <a href="http://paulgraham.com/ds.html">“Do things that don’t scale”</a>. What is the advantage of writing a high-quality scalable solution if you end up throwing it all away?</p>

<p>Some developers would be horrified to even think about developing software like that. That’s because they don’t see software development as a craft nor as an Engineering discipline, <em>but as a religion</em>. Good developers see the value in software quality techniques, but they can also see the big picture and the cost of <a href="https://en.wikipedia.org/wiki/Non-functional_requirement">non-functional requirements</a>, especially in the beginning. If you don’t see this, you might end up with an overengineered solution, that is difficult to maintain and poorly addresses the business needs.</p>

<hr />

<p>The problem with the context, however, <strong>is that it changes over time</strong>. You might’ve started it all as a bunch of experiments, but at some point, if enough of these experiments were successful, you’ll find yourself offering a real service to real customers.</p>

<p>A good CTO in a startup will constantly try to answer this question: <strong>“how much technical debt can we afford?”</strong>. In the beginning, we need speed over anything else, because we cannot afford to take too long when trying out our experiments. Otherwise, we’ll run out of time and resources and our competition will kick us out before we’ve even started.</p>

<p><a href="https://blog.devgenius.io/quality-vs-speed-9a46a6254a4e">But there’s an inflection point</a> where the velocity (that is, the development speed of new features) will dramatically decrease if you don’t improve the quality of your software. It’s difficult to tell when exactly this inflection point occurs for a given product, but some indicators are:</p>

<ul>
  <li>Your codebase is growing a lot and more people start working on it.</li>
  <li>You start spending more time than usual fixing bugs.</li>
  <li>New developers find it increasingly difficult to start being productive.</li>
  <li>You need an increasing amount of time to manually test your product on each release.</li>
  <li>Your customers start complaining about the quality of the service.</li>
</ul>

<p><img src="https://blog.jdonado.com/assets/images/speed-time-chart.png" alt="Development speed vs. time since project start" /></p>

<p>The team and its stakeholders should realize that the ludicrous speed of the initial phases is not sustainable over time. At some point, enough resources should be spent to continuously refactor the codebase before it’s too late. If the goal is to achieve the highest development speed possible, there’s a moment where software quality principles stop being an obstacle and become a crucial part of <a href="https://www.youtube.com/watch?v=ZmgbjaRfp_Q">a virtuous circle</a> where you build better software, faster. In other words, if you don’t care about the quality of your software soon enough, it’s a matter of time that it’ll become unmaintainable, and that will slow you down.</p>

<h3 id="product-development-stages">Product Development Stages</h3>

<p>During product development, it’s quite common to use the following terms:</p>

<ul>
  <li><a href="https://en.wikipedia.org/wiki/Proof_of_concept">PoC (Proof of Concept)</a>: it’s the minimal solution to see if some idea is even feasible. It’s the cheapest way to test a hypothesis.</li>
  <li><a href="https://en.wikipedia.org/wiki/Prototype">Prototype</a>: it’s a piece of working software that solves a specific problem. It might have a beautiful design and it might seem to be robust, but it doesn’t follow most software development best practices and quality standards. It’s a good way to test a hypothesis, but it’s not maintainable in the long term. Some authors use the term “walking skeleton” for this.</li>
  <li><a href="https://en.wikipedia.org/wiki/Minimum_viable_product">MVP (Minimum Viable Product)</a>: it’s a product built on a solid technical base that offers the minimum set of desired features. The goal of an MVP is to hit the market as soon as possible while having a solid starting point that is maintainable in the long term.</li>
</ul>

<p>After the MVP phase, you might want to continue iterating into a Minimum Marketable Product, a Minimum Lovable Product, a Minimum Delightful Product…</p>

<p>In my personal experience, most problems during product development these days have to do with misunderstandings about where you are with your product from a technical and from a business perspective. It’s the team members’ responsibility to communicate where you are at a given moment and understand what it means.</p>

<h2 id="quality-software">Quality Software</h2>

<p>I won’t describe in depth what software quality is all about. <a href="https://en.wikibooks.org/wiki/Introduction_to_Software_Engineering/Quality">There’s an article in Wikipedia</a> that defines it pretty well.</p>

<p>In a nutshell, in the context of a startup, quality software means:</p>

<ul>
  <li>Follow best practices.
    <ul>
      <li>From code style guides to DRY, KISS, SOLID principles, etc.</li>
      <li>Continuously refactor your code.</li>
      <li>Automatically analyze the complexity of your code.</li>
    </ul>
  </li>
  <li>Write tests.
    <ul>
      <li>Not just unit tests, but all kinds of tests. Tests will help you keep your solution stable and maintainable. Read <a href="https://martinfowler.com/articles/practical-test-pyramid.html">the practical test pyramid</a> for more information about it.</li>
      <li>Without tests the chances that new features break existing ones without you realizing it are ever-increasing.</li>
      <li>Tests also work as documentation for new team members.</li>
    </ul>
  </li>
  <li>Do code reviews.</li>
  <li>Use continuous delivery pipelines.</li>
  <li>Design a scalable architecture.
    <ul>
      <li>Monitor your systems and identify failures and bottlenecks.</li>
    </ul>
  </li>
</ul>

<p>Doing this takes time, but it’s an investment. I wouldn’t recommend doing it all while the chances are high that you’ll end up throwing away most of your code, but as time goes by, you should better spend more and more time doing it if you don’t want to end up with a spaghetti code salad that nobody wants to work with.</p>

<p>The later that you start applying these principles, the most difficult (and expensive) it’s going to be to apply them successfully.</p>

<h2 id="some-final-words">Some Final Words</h2>

<p>Maybe you’ve always worked in an environment where quality software is valued and that’s why you’re probably almost religious when it comes to writing software with high-quality standards. Hopefully, you see now that there are cases where it’s in fact better to go the quick &amp; dirty way for a while and activate the feature factory mode.</p>

<p>Feature factory and quick &amp; dirty have a price though, I hope that’s a bit clearer now. It’s tempting to try to extend that unnatural velocity peak as much as you can, but you’re playing with fire here. I’ve seen again and again companies that followed down that road, only to end up with buggy software and developer scarcity, because nobody wants to feel the pain of working with such a codebase in such conditions. If you’re in a team that won’t understand that whatever worked yesterday won’t work today anymore, I’d suggest avoiding quick &amp; dirty altogether.</p>

<p>Then there’s the ghost of a big rewrite. I would avoid rewriting unless it’s strictly necessary because it’s crazy expensive. If you extend the quick &amp; dirty phase for too long, however, sooner or later there’ll be no other choice.</p>]]></content><author><name>F. Javier R. Donado</name><email>jdonado@jdonado.com</email><uri>https://www.jdonado.com</uri></author><category term="software-quality startup product-development" /><category term="software-quality" /><category term="startup" /><category term="product-development" /><summary type="html"><![CDATA[What Is Software Development All About?]]></summary></entry><entry><title type="html">The Infancy of the Cloud</title><link href="https://blog.jdonado.com/cloud-infancy/" rel="alternate" type="text/html" title="The Infancy of the Cloud" /><published>2020-05-10T00:00:00+02:00</published><updated>2020-05-10T00:00:00+02:00</updated><id>https://blog.jdonado.com/cloud-infancy</id><content type="html" xml:base="https://blog.jdonado.com/cloud-infancy/"><![CDATA[<h2 id="the-heterogeneous-world-of-it-job-titles">The Heterogeneous World of IT Job Titles</h2>

<p>When I started working in the IT industry, one of the things that shocked me a bit was the way job titles were used. I guess that as an undergrad, you often expect some correlation between training or a study plan and whatever position or role you play in a company. Yes, that was naive from me, I admit it. Then, the creativity some people exercised when describing their job took me by surprise. Whoever has jumped through enough LinkedIn profiles will know what I’m talking about.</p>

<p>I don’t want to rant about made-up or senseless occupations here, however. What I want to talk about is a specific position that on the surface makes all the sense in the world, just not to me, not yet.</p>

<h2 id="the-cloud-expert">The Cloud Expert</h2>

<p>The cloud has become an important area for IT professionals. If you don’t know anything about the cloud you’ll be left behind. Most of you will remember how some years ago, in 2006 Amazon released AWS and the cloud phenomenon started taking off. Some people used to joke that</p>

<blockquote>
  <p>“It was never the cloud, it was always someone else’s computer.”</p>
</blockquote>

<p>And yes, that is more or less what it looked like at the beginning. But then it started evolving. First, the continuous additions to the AWS products landscape, together with Microsoft Azure’s, Google’s, and IBM’s counterparts. Then <a href="https://en.wikipedia.org/wiki/Cloud_Foundry">Pivotal’s CloudFoundry</a> and <a href="https://aws.amazon.com/blogs/aws/category/management-tools/aws-cloudformation/">AWS CloudFormation</a> in 2011, <a href="https://en.wikipedia.org/wiki/Docker_(software)">Docker containers</a> in 2013, Google’s <a href="https://en.wikipedia.org/wiki/Kubernetes">Kubernetes</a>, <a href="https://en.wikipedia.org/wiki/AWS_Lambda">AWS Lambda</a> and <a href="https://en.wikipedia.org/wiki/Terraform_(software)">HashiCorp’s Terraform</a> in 2014… just to name a few.</p>

<p>It’s 2020 and we <strong>need</strong> cloud experts. However IMHO <strong>nobody out there is a cloud expert</strong>. Not yet. I’m afraid that we didn’t have time to digest it all, there’s no standardization, no clear best practices and, still worse, it has not stopped evolving. And it doesn’t look like it will stop evolving any time soon.</p>

<p>Yes, you might have attended countless conferences as a speaker talking about cloud technologies and you might have world-class expertise about the cloud. Or maybe, you’ve been using Kubernetes since 2014 and sure, that will make you an expert on that particular technology.</p>

<p>But do you have any certainty about the <em>near</em> future of the cloud? Can you do something complex today that will still follow what will be considered best practices in 5 years? I seriously doubt it (just look at how we were doing things five years ago).</p>

<h2 id="is-it-a-bad-thing-what-can-we-do">Is It a Bad Thing? What Can We Do?</h2>

<p>I think that it’s something quite common in IT, as well as in any other branch where things are evolving so fast, and it has pros and cons. On one hand, for us professionals in the field, it’s exciting to experience this evolution in first person. On the other hand, it sure creates a lot of noise and fatigue, and you never know which technologies or techniques will stay relevant a couple of years from now.</p>

<p>There is however one thing you can do when starting a new project or when taking architectural decisions on existing projects on the cloud, and it is to <strong>forget for a moment how big of an expert you are</strong>, try to adopt <a href="https://www.creativehuddle.co.uk/how-to-adopt-a-beginners-mindset">a beginners mindset</a>, and follow the golden rule of the software development craft: <a href="https://en.wikipedia.org/wiki/KISS_principle">the Keep It Simple, Stupid (KISS™) principle</a>.</p>

<p>The cloud came to help us, it’s not there for us to overengineer our solutions or to take the <a href="http://radar.oreilly.com/2014/10/resume-driven-development.html">Resume Driven Development</a> road. Things tend to get complicated by themselves and it’s our responsibility to do our best to keep them as simple as possible.</p>

<p>Some of the clear benefits of the cloud are:</p>

<ul>
  <li>You don’t have to buy or manage hardware yourself.</li>
  <li>It <em>should</em> be cheaper.</li>
  <li>Software updates are managed or simplified.</li>
  <li>It offers a fast and reliable service (typically 99.9% availability).</li>
  <li>It makes it easier to write software that scales (although if you’re a startup, chances are that <a href="http://paulgraham.com/ds.html">you shouldn’t have to worry much about that</a>).</li>
</ul>

<p>If you misuse the tools that the cloud offers you, however, you can easily ruin its associated benefits, even creating brand new categories of problems. Here are some <strong>common problems</strong> that I’ve experienced when working on legacy projects on the cloud:</p>

<ul>
  <li>Using too many resources on the cloud can be <em>very</em> expensive.</li>
  <li>It’s often the case that you cannot easily set-up a development environment on your local machine because there are too many dependencies on cloud components. You should try to avoid this early on in the project or things will quickly get out of hand, making life hard for you and still worse for newer members of your team.</li>
  <li>Sometimes unit tests depend on existing infrastructure (this is a big red flag).</li>
  <li>No appropriate monitoring and tracing mechanisms have been set up in order to find out exactly what happened when something went wrong.</li>
  <li>It’s easy to overcomplicate things when trying to apply architectural patterns like microservices or an event-oriented architecture. Sure, using patterns and tools for the sake of using them has always been an anti-pattern, but the cloud can take it to a whole new level. If there are too many components, it gets more difficult than ever to get a clear picture of what’s going on and documentation tends to stay out of date.</li>
  <li>If there’s no deployment automation from the beginning (Infrastructure as Code), chances are that you’re going to regret it.</li>
</ul>

<h2 id="if-you-really-are-an-expert-youll-be-humble">If You <em>Really</em> Are an Expert, You’ll Be Humble</h2>

<p>As Bret Victor pointed out in his talk about <a href="https://www.youtube.com/watch?v=8pTEmbeENF4">the Future of Programming</a>, the community of IT professionals is (sadly) still digesting ideas that were first formulated during the 60s and 70s.</p>

<p>A good example of that is the renewed interest in Functional Programming and how mainstream Object-Oriented languages like Java, C#, and C++ have recently incorporated FP concepts that were already available in LISP, first specified in 1958.</p>

<p>We simply didn’t have enough time to define best practices for the cloud yet. Since you cannot know the best practices of the future, try to keep things as simple as possible today, because chances are, you’re going to need to rewrite parts of your code in the coming years. The less code you have today, the easier it will be to modify it tomorrow.</p>

<p>Also, your team will be grateful if you do your best to keep documentation up to date. Using tools like Terraform, CDK, or Pulumi we can write Infrastructure as Code (IaC). That serves a double purpose: it lets us deploy and manage our cloud resources automatically, while also providing an up-to-date documentation of your infrastructure.</p>

<p>What will come next? A tool that generates up-to-date diagrams using our IaC? A WYSIWYG editor for the cloud? At this pace, we’ll see it pretty soon.</p>]]></content><author><name>F. Javier R. Donado</name><email>jdonado@jdonado.com</email><uri>https://www.jdonado.com</uri></author><category term="cloud aws kubernetes cloudfoundry" /><category term="cloud" /><category term="aws" /><category term="kubernetes" /><category term="cloudfoundry" /><summary type="html"><![CDATA[The Heterogeneous World of IT Job Titles]]></summary></entry><entry><title type="html">Self-hosting behind a NAT</title><link href="https://blog.jdonado.com/behind-a-nat/" rel="alternate" type="text/html" title="Self-hosting behind a NAT" /><published>2019-11-16T00:00:00+01:00</published><updated>2019-11-16T00:00:00+01:00</updated><id>https://blog.jdonado.com/behind-a-nat</id><content type="html" xml:base="https://blog.jdonado.com/behind-a-nat/"><![CDATA[<blockquote>
  <p>No one knows what it’s like to be a bad man, to be a sad man… behind a NAT</p>
</blockquote>

<p>Said <a href="https://www.youtube.com/watch?v=dMrImMedYRo">a famous song</a> (more or less…)</p>

<h1 id="you-might-be-behind-a-nat-too">You might be behind a NAT too</h1>

<p>It’s been years now since the times where you would get a static IPv4 address assigned to your home together with your internet access. An address that you could use to ping your home router from anywhere in the world. Now you’re lucky if you’re even offered the option of paying an extra fee to get one. Sometimes not even a business contract will give you that.</p>

<p>Now, most of the time, your home or small business router will only be reachable on an <a href="https://en.wikipedia.org/wiki/IPv6">IPv6</a> address. In some cases your <a href="https://en.wikipedia.org/wiki/Internet_service_provider">ISP</a> might be using something like <a href="https://www.citrix.com/blogs/2012/03/22/ds-lite-%E2%80%93-ipv4-over-ipv6-and-nat/">DS-Lite</a>, which puts you behind a <a href="https://en.wikipedia.org/wiki/Network_address_translation">NAT (Network Address Translation)</a> protocol, making it very difficult for you to <a href="https://en.wikipedia.org/wiki/Self-hosting_(web_services)">self-host</a> anything at home.</p>

<h2 id="but-why">But… why??</h2>

<p>There’s just <a href="https://en.wikipedia.org/wiki/IPv4_address_exhaustion">not enough IPv4 addresses</a> for all of us, and although <strong><a href="https://en.wikipedia.org/wiki/IPv6">IPv6</a> is the solution</strong> (and although it’s been around since 1998…), <a href="https://www.google.com/intl/en/ipv6/statistics.html#tab=ipv6-adoption">adoption is still slow</a>. Chances are if your server is only available under an IPv6 address, most people out there won’t be able to reach you. You still need an IPv4 address for people to be able to find you on the internet in 2019. <strong>Sadly</strong>.</p>

<p>So if you want to be able to <strong>self-host</strong> anything at home you need some kind of workaround. A <a href="https://en.wikipedia.org/wiki/Dynamic_DNS">dynamic DNS</a> is probably the most popular option (one that supports IPv6), but depending on your ISP’s setup, that might not work for you either. So, what other options do we have?</p>

<h2 id="wait-a-minute-we-have-the-cloud-now-why-should-i-bother-about-self-hosting-at-all">Wait a minute, we have the cloud now! Why should I bother about self-hosting at all?</h2>

<p>True. I wouldn’t recommend self-hosting at home for anything other than experimenting with software for your personal use. I wouldn’t even self-host at home my personal website.</p>

<p><strong>BUT</strong> there are just <a href="https://github.com/awesome-selfhosted/awesome-selfhosted/blob/master/README.md">so many awesome things that you can self-host</a> for your personal use… here are some examples:</p>

<ul>
  <li>You can have your own <a href="https://filebrowser.xyz/">alternative to Dropbox or Google Drive</a>. Just buy a cheap 8TB hard drive and forget about paying monthly fees for getting as much online storage as you want.</li>
  <li>You can use <a href="https://www.mstream.io/">mStream</a> or <a href="https://koel.phanan.net/">Koel</a> as an alternative to a music streaming service (Spotify, Deezer, Apple Music…). If you happen to have an mp3 collection from the days where an iPod was a cool gadget you might as well have been missing it! It’s time to give it a second chance.</li>
  <li>The same idea applied to Netflix: <a href="https://github.com/streamaserver/streama">Streama</a></li>
  <li>Who wants to upload photos to Flickr when you have <a href="https://lycheeorg.github.io/">Lychee</a> 😄</li>
  <li>You can even set up your own <a href="https://medium.com/nycdev/k8s-on-pi-9cc14843d43">Kubernetes cluster</a> using Raspberry PIs. Hours of entertainment await you with that.</li>
</ul>

<h2 id="okay-youve-convinced-me-im-behind-a-nat-and-i-want-your-magic-solution">Okay, you’ve convinced me, I’m behind a NAT and I want your magic solution!</h2>

<p>Now we’re talking! If you want to self-host stuff at home and you happen to be behind a NAT; if for whatever reason a dynamic DNS doesn’t work for you, <strong>you can always SETUP A REVERSE PROXY</strong> ⚡️⚡️⚡️⛈.</p>

<p>The catch here is that you need access to a machine that is already reachable under an IPv4 address. If you’re reading this, you probably have one. If you don’t have it yet, you can get one for <a href="https://www.vpsag.com/">3€ a month</a>, and use it not just as a portal for your self-hosted stuff, but for hosting anything that doesn’t require a lot of processing power (that’s where I host this blog and all my side project’s pages). Some other popular options are <a href="https://www.digitalocean.com/">Digital Ocean</a> or <a href="https://aws.amazon.com/ec2/">AWS EC2</a>.</p>

<p>You also need a machine (or more!) that is always running at home, where you’ll run the stuff that you want to self-host. An old laptop will do. You just install there whatever Linux distro you like the best and you’re good to go.</p>

<p>Take a look at mine, isn’t it beautiful?</p>

<p><img src="https://blog.jdonado.com/assets/images/laptop.jpeg" alt="laptop for self-hosting" title="My good'ol Thinkpad" /></p>

<p>A Raspberry PI will do the trick too.</p>

<h2 id="setup-a-reverse-proxy">Setup a Reverse Proxy</h2>

<p>I’m taking for granted that you already have something on that laptop that you want to see online from an IPv4 address. Something that you can visit locally as <code class="language-plaintext highlighter-rouge">http://localhost:8080</code> or similar.</p>

<p>You also have an online server, which is reachable on an IPv4 address, like this <code class="language-plaintext highlighter-rouge">216.58.213.196</code>.</p>

<p>First, <a href="https://www.digitalocean.com/community/tutorials/how-to-install-nginx-on-ubuntu-18-04">install NGINX</a> on your server. Once you’re ready, you should be able to visit the default NGINX initial page on <code class="language-plaintext highlighter-rouge">http://[YOURONLINEIP:80]</code>.</p>

<p>Now you can establish an <code class="language-plaintext highlighter-rouge">SSH</code> tunnel between your laptop at home and your server. A tunnel with a reverse proxy where your local port (<code class="language-plaintext highlighter-rouge">8080</code> in the example) is mapped to some other port of your server (e.g.: port <code class="language-plaintext highlighter-rouge">17899</code>). To achieve this, use this command:</p>

<p><code class="language-plaintext highlighter-rouge">ssh -N -g -R 17899:localhost:8080 yourusername@[YOURONLINEIP]</code></p>

<p>While this tunnel is active, edit the NGINX configuration of your server with the following lines:</p>

<pre><code class="language-nginxconfig">
http {

  upstream backend-home {
    server 0.0.0.0:17899;
  }

  server {
    listen 80 default_server;
    listen [::]:80 default_server;
    server_name _;
    return 301 https://$host$request_uri;

    location / {
      proxy_set_header Host $host;
      proxy_set_header X-Real-IP $remote_addr;
      proxy_pass_request_headers on;
      proxy_pass http://backend-home;
    }
  }

}
</code></pre>

<p>Restart NGINX on your server:</p>

<p><code class="language-plaintext highlighter-rouge">sudo systemctl restart nginx</code></p>

<p>Now you should be able to visit <code class="language-plaintext highlighter-rouge">http://[YOURONLINEIP:80]</code> and see whatever you have on the <code class="language-plaintext highlighter-rouge">localhost:8080</code> of your laptop at home. ISN’T IT GREAT!!???</p>

<h2 id="some-considerations">Some Considerations</h2>

<p>If you want that connection to always be active, you’ll need to follow a couple of steps more. Otherwise, the tunnel will be closed after a while and the magic will be gone.</p>

<p>To do that, you need to first configure an SSH Key-Based Authentication to establish an SSH connection with the remote machine <strong>without a password</strong>. <a href="https://www.digitalocean.com/community/tutorials/how-to-configure-ssh-key-based-authentication-on-a-linux-server">Here’s a very easy tutorial</a> that explains how to do it.</p>

<p>Once you can connect from your laptop to the remote machine via SSH without entering a password, you need a service that establishes that connection and keeps it alive.</p>

<p>A rather simple and reliable way is by defining a <code class="language-plaintext highlighter-rouge">systemd</code> service on your laptop. To do that, edit a new file called <code class="language-plaintext highlighter-rouge">sshtunnel.service</code> on <code class="language-plaintext highlighter-rouge">/etc/systemd/system/</code>:</p>

<p><code class="language-plaintext highlighter-rouge">sudo vim /etc/systemd/system/sshtunnel.service</code></p>

<p>And add the following contents:</p>

<div class="language-systemd highlighter-rouge"><div class="highlight"><pre class="highlight"><code><span class="k">[Unit]</span>
<span class="nt">Description</span><span class="p">=</span>SSH Tunnel
<span class="nt">After</span><span class="p">=</span>network.target

<span class="k">[Service]</span>
<span class="nt">Restart</span><span class="p">=</span>always
<span class="nt">RestartSec</span><span class="p">=</span>20
<span class="nt">User</span><span class="p">=</span>[YOURLAPTOPUSER]
<span class="nt">ExecStart</span><span class="p">=</span>/usr/bin/ssh -N -g -R 17899:localhost:8080 yourusername@[YOURONLINEIP]

<span class="k">[Install]</span>
<span class="nt">WantedBy</span><span class="p">=</span>multi-user.target
</code></pre></div></div>

<p>Then run the following commands:</p>

<pre><code class="language-shscript">sudo systemctl enable sshtunnel
sudo systemctl start sshtunnel
</code></pre>

<p>The first command will tell your system to run the service on startup. The second one (<code class="language-plaintext highlighter-rouge">start</code>) will start the service right away.</p>

<p>Note: there are alternatives to creating your custom ssh service (e.g.: <a href="https://linux.die.net/man/1/autossh">autossh</a>), but a custom service proved to be more stable on my machine. Feel free to use whatever configuration works best for you to keep the connection active.</p>]]></content><author><name>F. Javier R. Donado</name><email>jdonado@jdonado.com</email><uri>https://www.jdonado.com</uri></author><category term="cloud self-hosting linux" /><category term="cloud" /><category term="self-hosting" /><category term="linux" /><summary type="html"><![CDATA[No one knows what it’s like to be a bad man, to be a sad man… behind a NAT]]></summary></entry><entry><title type="html">Kubernetes: beyond docker compose</title><link href="https://blog.jdonado.com/kubernetes/" rel="alternate" type="text/html" title="Kubernetes: beyond docker compose" /><published>2018-12-26T00:00:00+01:00</published><updated>2018-12-26T00:00:00+01:00</updated><id>https://blog.jdonado.com/kubernetes</id><content type="html" xml:base="https://blog.jdonado.com/kubernetes/"><![CDATA[<h1 id="beyond-docker-compose">Beyond docker compose</h1>

<p>Right after I started using docker to containerize my applications, I used to include a <code class="language-plaintext highlighter-rouge">docker-compose.yml</code> file together with them (sometimes in a separate repository) in order to illustrate how a local deployment could work. With <a href="https://docs.docker.com/compose/">docker-compose</a> you can:</p>

<ul>
  <li>Define which services and applications are necessary to run a specific solution</li>
  <li>Detail how they may interact with each other</li>
  <li>Specify in which order they should start</li>
  <li>Describe the network in which the containers are going to be deployed</li>
  <li>Setup the environment for everything to work in harmony</li>
</ul>

<p>After a while I got used to the simplicity and usefulness of docker compose. However, deploying services with docker compose like this (that is: without <a href="https://docs.docker.com/engine/swarm/">swarm mode</a>) had an important limitation: <strong>you could only deploy to a single machine</strong>.</p>

<p>If you have more advanced deployment needs, e.g.:</p>

<ul>
  <li>Deployment of services on a cluster with various nodes</li>
  <li>Need of a scaling strategy</li>
  <li>Coordinate updates with zero-downtime deployment</li>
</ul>

<p>then you need a container orchestrator. There are a number of solutions for orchestration of containers in the cloud: Docker Swarm, Kubernetes, Apache Mesos, CloudFoundry’s Diego…</p>

<p>Depending on your needs, the right tool might vary. For me, Kubernetes seemed like a very good compromise between features and ease of use. Some of the reasons why I think it’s a good choice are:</p>

<ul>
  <li>It’s perfectly integrated with docker. If you’re already using docker containers, then you’re halfway there</li>
  <li>It is open source. That means (among other things) that you’re not attached to a specific provider. There are currently a number of providers of Kubernetes as a service in the cloud and you’re always free to deploy Kubernetes clusters yourself on whichever your cloud infrastructure is</li>
  <li>The <a href="https://kubernetes.io/docs/home/?path=users&amp;persona=app-developer&amp;level=foundational">documentation</a> is very good</li>
  <li>It’s currently <a href="https://thenewstack.io/data-says-kubernetes-deployment-patterns/">by far the most popular</a> container orchestration technology. If you have any problem, there’s a good chance that you’ll find help on <a href="https://stackoverflow.com/questions/tagged/kubernetes">StackOverflow</a></li>
  <li>You can install minikube on your machine and test your complete solution even before it reaches the cloud. If something goes wrong, you can try to find out what’s happening directly on your machine without having to wait for things to upload and deploy to the cloud</li>
</ul>

<p>For me this last point is a game changer as compared to other cloud technologies. The ability to try and run everything locally makes everything easier. Forget about small changes on a <code class="language-plaintext highlighter-rouge">yml</code> file and trigger the CI pipelines to (pray and) see if a deployment works. Instead of that just make sure that your configuration is up and running locally on your minikube and chances are everything will work out just like that on the cloud.</p>

<h2 id="learn-kubernetes">Learn Kubernetes</h2>

<p>If you want to learn Kubernetes, the <a href="https://kubernetes.io/docs/tutorials/">tutorials</a> section of the official Kubernetes website is a great starting point. I myself followed it and then I completed a couple of the <a href="https://kubernetes.io/docs/tutorials/online-training/overview/">online training</a> courses that they link to.</p>

<p>What follows are the notes I took while learning about it.</p>

<h1 id="kubernetes-a-quick-overview-for-developers">Kubernetes: a quick overview for developers</h1>

<p>Kubernetes is an open source container orchestrator created by Google and now maintained by the <a href="https://en.wikipedia.org/wiki/Linux_Foundation#Cloud_Native_Computing_Foundation">Cloud Native Computing Foundation</a>.</p>

<p>Every Kubernetes infrastructure has the following components:</p>

<ul>
  <li>Master: it coordinates all activities in the cluster (scheduling, apps maintenance, scaling, updating…)</li>
  <li>Nodes: workers that run applications. They have:
    <ul>
      <li>A Kubelet: an agent responsible for communication between the node and the Kubernetes Master (communicating via the Kubernetes API). It manages the pods and the containers running on a machine</li>
      <li>A container runtime, such as docker or rkt, responsible for pulling container images, unpacking the container and running an application</li>
    </ul>
  </li>
</ul>

<p>The minimum of nodes in a production infrastructure is 3.</p>

<p>You can run Kubernetes locally on your machine by installing <strong>minikube</strong>. Minikube is a lightweight Kubernetes implementation that creates a VM on your local machine and deploys a simple cluster containing only one node.</p>

<p><strong>Kubectl</strong> is the Kubernetes CLI, that uses the Kubernetes API in order to interact with the cluster. You can use it to connect to your minikube and handle your deployments locally, and you can also connect to your cloud provider and handle your deployments remotely. It is kind of an equivalent to the <code class="language-plaintext highlighter-rouge">docker</code> command for docker.</p>

<p>In order to deploy an application in Kubernetes, you can define a deployment configuration in a <code class="language-plaintext highlighter-rouge">yml</code> (preferred) or in a <code class="language-plaintext highlighter-rouge">json</code> file. A deployment configuration instructs Kubernetes how to create and update instances of an application. The Kubernetes Deployment Controller (KDC) makes sure that the instances are up an running. NOTE: my next blog post will show a simple example of a microservices deployment in kubernetes. Here I will continue defining the basic concepts and commands for future quick reference.</p>

<p>In case a node goes down, the KDC will start the required containers in the remaining working nodes (self-healing mechanism).</p>

<p><strong>Pods</strong> are the smallest deployable units of computing that can be created and managed in Kubernetes. Pods are in an private, isolated network. They are visible from other pods and services within the same cluster, but not from outside. A pod is an abstraction that represents a group of one or more containers and some shared resources for those containers, such as volumes, networking and container specific information (image version or ports).</p>

<ul>
  <li>There’s one IP per pod</li>
  <li>Pods share namespaces</li>
  <li>Pods may have one or more containers and volumes</li>
</ul>

<p>A <strong>service</strong> defines a logical set of pods and a policy to determine how to access them. It is defined by <code class="language-plaintext highlighter-rouge">yaml</code> or <code class="language-plaintext highlighter-rouge">json</code>. Services allow applications to receive traffic. You can define the following types of services (in the <code class="language-plaintext highlighter-rouge">type</code> field of the <code class="language-plaintext highlighter-rouge">yaml</code> file):</p>

<ul>
  <li><strong>ClusterIP</strong> (default): it makes the service only reachable within the cluster.</li>
  <li><strong>NodePort</strong>: it exposes the service on the same port of each selected node in the cluster using NAT, making thus the service accessible from outide the cluster via <code class="language-plaintext highlighter-rouge">&lt;NodeIP&gt;:&lt;NodePort&gt;</code>.</li>
  <li><strong>LoadBalancer</strong></li>
  <li><strong>ExternalName</strong>: it exposes the service using an arbitrary name via <code class="language-plaintext highlighter-rouge">externalName</code> by returning a CNAME record. <code class="language-plaintext highlighter-rouge">kube-dns</code> v1.7 or higher is required.</li>
</ul>

<p>A service routes traffic across a set of Pods. They allow pods to die and replicate without impacting the application. Kubernetes Services handle discovery and routing. In order to match a set of pods, services use labels and selectors.</p>

<p>In this image you can see a representation of the aforementioned elements: nodes, pods, services and how they relate to each other.</p>

<p><img src="https://blog.jdonado.com/assets/images/pods-nodes-services.png" alt="Architecture Diagram" title="Architecture Diagram" /></p>

<h2 id="kubectl-quick-reference">Kubectl quick reference</h2>

<div class="language-sh highlighter-rouge"><div class="highlight"><pre class="highlight"><code><span class="c"># Note: each line is a specific example</span>
<span class="c"># Don't copy paste this on the terminal!!</span>

<span class="c"># Create a proxy that forwards communications into the cluster-wide</span>
<span class="c"># private network.</span>
kubectl proxy

<span class="c"># Save the current pod name in an environment variable</span>
<span class="c"># and access it through the proxy</span>
<span class="nb">export </span><span class="nv">POD_NAME</span><span class="o">=</span><span class="si">$(</span>kubectl get pods <span class="nt">-o</span> go-template <span class="nt">--template</span> <span class="s1">'{ {range .items} } { {.metadata.name} } { {"\n"} } { {end} }'</span><span class="si">)</span>

<span class="c"># Test the pod access via proxy</span>
curl http://localhost:8001/api/v1/namespaces/default/pods/<span class="nv">$POD_NAME</span>/proxy/

<span class="c"># Minikube</span>
minikube version
minikube start

<span class="c"># Deploy a dashboard</span>
kubectl apply <span class="nt">-f</span> https://raw.githubusercontent.com/kubernetes/dashboard/master/src/deploy/recommended/kubernetes-dashboard.yaml
kubectl proxy
kubectl create serviceaccount cluster-admin-dashboard-sa
kubectl create clusterrolebinding cluster-admin-dashboard-sa <span class="se">\\</span>n  <span class="nt">--clusterrole</span><span class="o">=</span>cluster-admin <span class="se">\\</span>n  <span class="nt">--serviceaccount</span><span class="o">=</span>default:cluster-admin-dashboard-sa

<span class="c"># Get secret to connect to the dashboard</span>
kubectl get secret | <span class="nb">grep </span>cluster-admin-dashboard-sa
kubectl describe secret cluster-admin-dashboard-sa-token-sblqz

<span class="c"># Run a new image / create a new deployment</span>
kubectl run nginx <span class="nt">--image</span><span class="o">=</span>nginx:1.10.0 <span class="c"># deploy nginx</span>
kubectl run kubernetes-bootcamp <span class="nt">--image</span><span class="o">=</span>gcr.io/google-samples/kubernetes-bootcamp:v1 <span class="nt">--port</span><span class="o">=</span>8080

<span class="c"># Apply whatever it is described in a file (deployment, service, secret...)</span>
kubectl apply <span class="nt">-f</span> your-file.yml

<span class="c"># Delete</span>
kubectl delete <span class="nt">-f</span> your-file.yml
kubectl delete service <span class="nt">-l</span> <span class="nv">run</span><span class="o">=</span>some-app <span class="c"># Remove services labeled with `run=some-app`</span>

<span class="c"># Get information</span>
kubectl version
kubectl cluster-info
kubectl get <span class="o">[</span>all|nodes|pods|deployments|services|replicasets]
kubectl describe pods nginx-68c5b54745-hxn8r
kubectl logs nginx-68c5b54745-hxn8r <span class="nt">-f</span>

<span class="c"># Expose a deployment</span>
kubectl expose deployments nginx <span class="nt">--port</span> 80 <span class="nt">--type</span> LoadBalancer

<span class="c"># Forward ports</span>
kubectl port-forward nginx-68c5b54745-hxn8r 10080:80

<span class="c"># Label</span>
kubectl label pod <span class="nv">$POD_NAME</span> <span class="nv">app</span><span class="o">=</span>v1 <span class="c"># Add the label `app=v1` to the pod `$POD_NAME`</span>

<span class="c"># Scale</span>
kubectl scale deployments/kubernetes-bootcamp <span class="nt">--replicas</span><span class="o">=</span>4

<span class="c"># Update/Rollback and undo</span>
kubecel <span class="nb">set </span>image deployments/your-app<span class="o">=</span>you/your-app:v2
kubectl rollout status deployments/your-app
kubectl rollout undo deployments/your-app

<span class="c"># Execute commands on a container in a pod</span>
kubectl <span class="nb">exec </span>nginx-68c5b54745-hxn8r <span class="nt">--stdin</span> <span class="nt">--tty</span> /bin/sh

</code></pre></div></div>]]></content><author><name>F. Javier R. Donado</name><email>jdonado@jdonado.com</email><uri>https://www.jdonado.com</uri></author><category term="cloud" /><category term="kubernetes" /><category term="docker" /><category term="docker-compose" /><category term="linux" /><summary type="html"><![CDATA[Beyond docker compose]]></summary></entry><entry><title type="html">CMD Magic</title><link href="https://blog.jdonado.com/cmd-magic/" rel="alternate" type="text/html" title="CMD Magic" /><published>2018-07-06T00:00:00+02:00</published><updated>2018-07-06T00:00:00+02:00</updated><id>https://blog.jdonado.com/cmd-magic</id><content type="html" xml:base="https://blog.jdonado.com/cmd-magic/"><![CDATA[<h1 id="command-line-magic">Command Line Magic</h1>

<p>Last year I published <a href="/vim-magic/">Vim Magic</a>, where I gathered all the commands that I found particularly useful when using the Vim editor. I’ve kept updating it ever since whenever I’ve found new useful tricks. It’s been so far helpful to me as a reference and hopefully to somebody else out there too. This post is the same but for the command line in Linux/Unix.</p>

<p>This is not intended to be a tutorial with the basics for you to learn how to use the command line. Instead, it’s more like a reference for somebody who’s been using the terminal for some time now and wants to learn some new tricks or remember older ones.</p>

<h2 id="scripts">Scripts</h2>

<ul>
  <li><code class="language-plaintext highlighter-rouge">#!/bin/bash</code> use this as the first line of a bash script, for the interpreter to know how to handle it</li>
</ul>

<h2 id="files">Files</h2>

<ul>
  <li><code class="language-plaintext highlighter-rouge">for i in *.png ; do convert "$i" "${i%.*}.jpg" ; done</code> convert all <strong>png</strong> files into <strong>jpg</strong></li>
  <li><code class="language-plaintext highlighter-rouge">find . -type f -exec grep -El "someWord|someOtherWord" {} \;</code> find all files in the current directory (and above) that contain <code class="language-plaintext highlighter-rouge">someWord</code> or <code class="language-plaintext highlighter-rouge">someOtherWord</code>. An escaped semicolon is necessary to indicate the end of <code class="language-plaintext highlighter-rouge">exec</code>. The brackets are also necessary, since they contain the output of the <code class="language-plaintext highlighter-rouge">find</code> command, that will be fed into the grep command</li>
  <li><code class="language-plaintext highlighter-rouge">find . -type f | xargs grep -El "something|appstore"</code> exactly the same as the previous command, using <code class="language-plaintext highlighter-rouge">xargs</code> instead of <code class="language-plaintext highlighter-rouge">-exec</code></li>
  <li><code class="language-plaintext highlighter-rouge">find /path/to/files* -mtime +5 -exec rm {} \;</code> delete files older than 5 days</li>
  <li><code class="language-plaintext highlighter-rouge">find . -name  '*.zip' -exec unzip {} \;</code> unzip all the zip files in the current directory</li>
  <li><code class="language-plaintext highlighter-rouge">find . -type d | egrep -o '.*src$'</code> find <code class="language-plaintext highlighter-rouge">src</code> directories and none of their subdirectories</li>
  <li><code class="language-plaintext highlighter-rouge">find . 2&gt;/dev/null</code> find without showing <code class="language-plaintext highlighter-rouge">permission denied</code> messages</li>
  <li><code class="language-plaintext highlighter-rouge">wdiff one.txt two.txt | colordiff</code> color the differences between <strong>one.txt</strong> and <strong>two.txt</strong></li>
  <li><code class="language-plaintext highlighter-rouge">diff -rq(w) dir1 dir2</code> compare two directory structures</li>
  <li><code class="language-plaintext highlighter-rouge">SOME_FILE=$(&lt;some-file.txt)</code> load the contents of <strong>some-file.txt</strong> into the variable <strong>SOME_FILE</strong></li>
  <li><code class="language-plaintext highlighter-rouge">cat oldfile.txt | tr -d '\n' &gt; newfile.txt</code> create newfile.txt as a copy of oldfile where all newlines have been removed</li>
  <li><code class="language-plaintext highlighter-rouge">convert file.{jpg,png}</code> equivalent to <code class="language-plaintext highlighter-rouge">convert file.jpg file.png</code></li>
</ul>

<p>With <code class="language-plaintext highlighter-rouge">xargs</code> you can avoid loops (it passes the stdout as input to the specified command):</p>

<ul>
  <li><code class="language-plaintext highlighter-rouge">find . -name *.png | xargs rm -rf</code> remove recursively all png files</li>
  <li><code class="language-plaintext highlighter-rouge">git branch --merged | grep -v \* | xargs git branch -D</code> remove all local git branches that have already been merged</li>
</ul>

<h2 id="users-and-groups">Users and Groups</h2>

<ul>
  <li><code class="language-plaintext highlighter-rouge">cat /etc/passwd | cut -d: -f1</code> list all users</li>
  <li><code class="language-plaintext highlighter-rouge">cat /etc/group | cut -d: -f1</code> list all groups</li>
  <li><code class="language-plaintext highlighter-rouge">chown user file</code> change the owner of a file</li>
  <li><code class="language-plaintext highlighter-rouge">chgrp group file</code> change the group of a file</li>
  <li><code class="language-plaintext highlighter-rouge">chown user:group file</code> change the owner and group of a file</li>
</ul>

<h2 id="networking-and-ssh">Networking and SSH</h2>

<ul>
  <li><code class="language-plaintext highlighter-rouge">lsof -nP | grep 9092</code> show which process is blocking the port 9092</li>
  <li><code class="language-plaintext highlighter-rouge">rsync -avz --remove-source-files -e ssh /local/dir remoteuser@remotehost:/remote/dir</code> SSH copy files and remove source</li>
  <li><code class="language-plaintext highlighter-rouge">ssh user@your-server.com -L 2000:25</code> SSH session and port tunneling</li>
  <li><code class="language-plaintext highlighter-rouge">ssh -Y user@your-server.com</code> start an xterm</li>
  <li><code class="language-plaintext highlighter-rouge">sudo route delete default gw 10.0.2.2 eth0</code> remove the default gateway on <code class="language-plaintext highlighter-rouge">eth0</code></li>
  <li><code class="language-plaintext highlighter-rouge">sudo route add default gw 192.168.1.254 eth0</code> add the default gateway on <code class="language-plaintext highlighter-rouge">eth0</code></li>
  <li><code class="language-plaintext highlighter-rouge">wget -c -t 0 --timeout=60 --waitretry=60 --read-timeout=10 http://example.com/file.mkv</code> download the file using the partially downloaded file (resume <code class="language-plaintext highlighter-rouge">-c</code>) retrying ad infinitum (<code class="language-plaintext highlighter-rouge">-t 0</code>), with 60s timeout and 60s wait between attempts, resetting the connection if there’s no activity in 10 seconds (<code class="language-plaintext highlighter-rouge">--read-timeout=10</code>)</li>
  <li><code class="language-plaintext highlighter-rouge">wget -r -np -nH -R index.html http://hostname/aaa/bbb/ccc/ddd/</code> download all files and subfolders of the <code class="language-plaintext highlighter-rouge">ddd</code> directory, recursively (<code class="language-plaintext highlighter-rouge">-r</code>), without going to upper directories (<code class="language-plaintext highlighter-rouge">-np</code>), not saving to the hostname folder (<code class="language-plaintext highlighter-rouge">-nH</code>), exclude <code class="language-plaintext highlighter-rouge">index.html</code> files (<code class="language-plaintext highlighter-rouge">-r index.html</code>)</li>
</ul>

<h2 id="random-magic">Random Magic</h2>

<ul>
  <li><code class="language-plaintext highlighter-rouge">&lt;ctrl&gt;+r</code> reverse search: in order to search for a command you previously used</li>
  <li><code class="language-plaintext highlighter-rouge">cal</code> print the current month</li>
  <li><code class="language-plaintext highlighter-rouge">sudo apt-get install build-essential checkinstall</code> in debian-based distros, install the essentials for building packages (make; make install)</li>
  <li><code class="language-plaintext highlighter-rouge">openssl base64 -in input.txt -out encoded.b64</code> encode <strong>input.txt</strong> in base64 and save it to the file <strong>encoded.b64</strong></li>
  <li><code class="language-plaintext highlighter-rouge">sudo !!</code> run the last command with sudo</li>
  <li>` `+any command: it won’t go to the history</li>
  <li><code class="language-plaintext highlighter-rouge">$( command )</code> it gives the output of command</li>
  <li><code class="language-plaintext highlighter-rouge">service --status-all</code> status of services</li>
  <li><code class="language-plaintext highlighter-rouge">echo "hello world" | sed -e "s/e/o/g" | sed -e "s/lo/a/g" | sed -e "s/world/mundo/g"</code> translate “hello world” to spanish</li>
  <li><code class="language-plaintext highlighter-rouge">docker ps | awk '{print $8}'</code> print only the names of the current containers</li>
</ul>

<h2 id="remote-ssh-session-without-a-password">Remote SSH session without a password</h2>

<ul>
  <li><code class="language-plaintext highlighter-rouge">ssh-keygen -t rsa -b 2048</code> # Generate an rsa key pair</li>
  <li><code class="language-plaintext highlighter-rouge">ssh-copy-id youruser@yourserver</code> # Authorize your key in the remote server</li>
  <li><code class="language-plaintext highlighter-rouge">ssh youruser@yourserver</code> # Login without entering a password</li>
</ul>]]></content><author><name>F. Javier R. Donado</name><email>jdonado@jdonado.com</email><uri>https://www.jdonado.com</uri></author><category term="command-line" /><category term="linux" /><category term="command-line" /><category term="shell" /><category term="macosx" /><summary type="html"><![CDATA[Command Line Magic]]></summary></entry><entry><title type="html">ReasonML</title><link href="https://blog.jdonado.com/reasonml/" rel="alternate" type="text/html" title="ReasonML" /><published>2018-05-26T00:00:00+02:00</published><updated>2018-05-26T00:00:00+02:00</updated><id>https://blog.jdonado.com/reasonml</id><content type="html" xml:base="https://blog.jdonado.com/reasonml/"><![CDATA[<h1 id="reasonml-programming-language">ReasonML Programming Language</h1>

<h2 id="what-is-reasonml-where-does-it-come-from-what-can-i-do-with-it">What is ReasonML? Where does it come from? What can I do with it?</h2>

<p>ReasonML is an object-functional programming language that provides a different syntax for writing <a href="https://ocaml.org/">OCaml</a> code and can be transpiled into JavaScript code using <a href="https://bucklescript.github.io/">BuckleScript</a>. A comparison between OCaml and ReasonML can be found on <a href="https://reasonml.github.io/docs/en/comparison-to-ocaml.html">ReasonML’s official documentation</a>.</p>

<p>The ReasonML programming language was created at Facebook and I found out about it thanks to <a href="https://twitter.com/nikgraf">Nick Graf</a>’s Egghead course <a href="https://egghead.io/courses/get-started-with-reason">Get Started with Reason</a>. I started taking notes while watching the course and I ended up with this post (so thank him for the code examples).</p>

<p>If you want to know more about the language, Dr. Axel Rauschmayer has written a wonderful book about it that you can read online for free: <a href="http://reasonmlhub.com/exploring-reasonml/">Exploring ReasonML and functional programming</a>.</p>

<h2 id="what-i-like-and-dislike-so-far">What I Like and Dislike so Far</h2>

<p>I like…</p>

<ul>
  <li>Inferred types</li>
  <li>The possibility of creating custom types and variants</li>
  <li>The compiler warns you if your switches are not exhaustive (if you’re forgetting cases)</li>
  <li>Code suggestions underneath the command line are cool</li>
  <li>Compatibility with JS and OCaml</li>
  <li>Lexical scoping</li>
  <li><code class="language-plaintext highlighter-rouge">If</code> is an expression that can be evaluated into a value (in other languages it is only an statement)</li>
  <li>Syntax of switch expressions</li>
  <li>Objects (or records) defined in a similar way as in TypeScript</li>
  <li>Destructuring objects (records) in a similar way as in JavaScript</li>
  <li>Spread operator as in JavaScript</li>
  <li>Combinations of variants with switch expressions are great</li>
  <li>You can match specific cases in a switch</li>
  <li>There’s no null: variants None and Some can be used instead</li>
  <li>You can partially apply arguments in functions (automatic currying)</li>
  <li>Labeled parameters (you can apply then in any order you want)</li>
  <li>Optional parameters</li>
  <li>Pipe operator for function composition</li>
  <li>Nested structures can directly be compared for equality</li>
  <li>Structural <code class="language-plaintext highlighter-rouge">==</code> and referential equality <code class="language-plaintext highlighter-rouge">===</code> operators</li>
  <li>Powerful pattern matching</li>
</ul>

<p>I dislike…</p>

<ul>
  <li>Shadowing is allowed (let variables can be redefined)</li>
  <li>Operator ++ for concatenating strings</li>
  <li>Underscores in the built-in functions’ names</li>
  <li>Too many semicolons</li>
</ul>

<h2 id="code-examples">Code Examples</h2>

<figure class="highlight"><pre><code class="language-javascript" data-lang="javascript"><span class="kd">let</span> <span class="nx">foo</span> <span class="o">=</span> <span class="p">{</span>
  <span class="kd">let</span> <span class="nx">a</span> <span class="o">=</span> <span class="mi">40</span><span class="p">;</span>
  <span class="kd">let</span> <span class="nx">b</span> <span class="o">=</span> <span class="mi">1</span><span class="p">;</span>
  <span class="nx">a</span> <span class="o">+</span> <span class="nx">b</span> <span class="o">+</span> <span class="mi">1</span><span class="p">;</span>
<span class="p">};</span> <span class="c1">// this will bind 42 to the name `foo`</span>

<span class="kd">let</span> <span class="nx">isMorning</span> <span class="o">=</span> <span class="kc">true</span><span class="p">;</span>
<span class="c1">// This binds "Good Morning" to the name `greeting`</span>
<span class="kd">let</span> <span class="nx">greeting</span> <span class="o">=</span> <span class="nf">if </span><span class="p">(</span><span class="nx">isMorning</span><span class="p">)</span> <span class="p">{</span><span class="dl">"</span><span class="s2">Good Morning</span><span class="dl">"</span><span class="p">}</span> <span class="k">else</span> <span class="p">{</span><span class="dl">"</span><span class="s2">Hello</span><span class="dl">"</span><span class="p">};</span>

<span class="c1">// A switch expression</span>
<span class="kd">let</span> <span class="nx">greeting</span> <span class="o">=</span> <span class="nx">stranger</span> <span class="o">=&gt;</span>
  <span class="nf">switch </span><span class="p">(</span><span class="nx">stranger</span><span class="p">)</span> <span class="p">{</span>
    <span class="o">|</span> <span class="nx">Teacher</span> <span class="o">=&gt;</span> <span class="dl">"</span><span class="s2">Hey professor</span><span class="dl">"</span>
    <span class="o">|</span> <span class="nx">Director</span> <span class="o">=&gt;</span> <span class="dl">"</span><span class="s2">Hello director</span><span class="dl">"</span>
    <span class="o">|</span> <span class="nc">Student</span><span class="p">(</span><span class="dl">"</span><span class="s2">Richard</span><span class="dl">"</span><span class="p">)</span> <span class="o">=&gt;</span> <span class="dl">"</span><span class="s2">Still here Ricky?</span><span class="dl">"</span>
    <span class="o">|</span> <span class="nc">Student</span><span class="p">(</span><span class="nx">anyOtherName</span><span class="p">)</span> <span class="o">=&gt;</span> <span class="dl">"</span><span class="s2">Hey, </span><span class="dl">"</span> <span class="o">++</span> <span class="nx">anyOtherName</span> <span class="o">++</span> <span class="dl">"</span><span class="s2">.</span><span class="dl">"</span>
    <span class="o">|</span> <span class="nx">_</span> <span class="o">=&gt;</span> <span class="dl">"</span><span class="s2">unknown</span><span class="dl">"</span>
  <span class="p">};</span>

<span class="c1">// A person type definition</span>
<span class="nx">type</span> <span class="nx">person</span> <span class="o">=</span> <span class="p">{</span>
  <span class="na">name</span><span class="p">:</span> <span class="nx">string</span><span class="p">,</span>
  <span class="na">age</span><span class="p">:</span> <span class="nx">int</span><span class="p">,</span>
  <span class="nx">mutable</span> <span class="na">mood</span><span class="p">:</span> <span class="nx">string</span><span class="p">,</span> <span class="c1">// mood is the only mutable field in this type</span>
<span class="p">};</span>

<span class="c1">// A record of type person</span>
<span class="kd">let</span> <span class="nx">tim</span> <span class="o">=</span> <span class="p">{</span>
  <span class="na">name</span><span class="p">:</span> <span class="dl">"</span><span class="s2">Tim</span><span class="dl">"</span><span class="p">,</span>
  <span class="na">age</span><span class="p">:</span> <span class="mi">52</span><span class="p">,</span>
  <span class="na">mood</span><span class="p">:</span> <span class="dl">"</span><span class="s2">happy</span><span class="dl">"</span>
<span class="p">};</span>

<span class="c1">// Destructuring a person type into variables timsAge and timsName</span>
<span class="kd">let</span> <span class="p">{</span><span class="na">age</span><span class="p">:</span> <span class="nx">timsAge</span><span class="p">,</span> <span class="na">name</span><span class="p">:</span> <span class="nx">timsName</span><span class="p">}</span> <span class="o">=</span> <span class="nx">tim</span><span class="p">;</span>

<span class="c1">// Custom type answer (tagged union or variant)</span>
<span class="nx">type</span> <span class="nx">answer</span> <span class="o">=</span>
  <span class="o">|</span> <span class="nx">Yes</span>
  <span class="o">|</span> <span class="nx">No</span>
  <span class="o">|</span> <span class="nx">Maybe</span><span class="p">;</span>

<span class="c1">// Further assignments automatically infer the type</span>
<span class="kd">let</span> <span class="nx">isItRaining</span> <span class="o">=</span> <span class="nx">Maybe</span><span class="p">;</span> <span class="c1">// It infers type `answer`</span>

<span class="c1">// You can define functions like this (in this case, types are optional, since they</span>
<span class="c1">// can be inferred</span>
<span class="kd">let</span> <span class="nx">add</span><span class="p">:</span> <span class="p">(</span><span class="nx">x</span><span class="p">:</span> <span class="nx">int</span><span class="p">,</span> <span class="nx">y</span><span class="p">:</span> <span class="nx">int</span><span class="p">)</span> <span class="p">:</span> <span class="nx">int</span> <span class="o">=&gt;</span> <span class="nx">x</span> <span class="o">+</span> <span class="nx">y</span><span class="p">;</span>

<span class="c1">// A function with labelled and optional parameters</span>
<span class="kd">let</span> <span class="nx">name</span> <span class="o">=</span> <span class="p">(</span><span class="o">~</span><span class="nx">firstName</span><span class="o">=</span><span class="dl">"</span><span class="s2">Defaultname</span><span class="dl">"</span><span class="p">,</span> <span class="o">~</span><span class="nx">middleName</span><span class="o">=</span><span class="p">?,</span> <span class="o">~</span><span class="nx">lastName</span><span class="p">,</span> <span class="p">())</span> <span class="o">=&gt;</span> <span class="p">{</span>
  <span class="nf">switch </span><span class="p">(</span><span class="nx">middleName</span><span class="p">)</span> <span class="p">{</span>
  <span class="o">|</span> <span class="nc">Some</span><span class="p">(</span><span class="nx">value</span><span class="p">)</span> <span class="o">=&gt;</span> <span class="nx">firstName</span> <span class="o">++</span> <span class="dl">"</span><span class="s2"> </span><span class="dl">"</span> <span class="o">++</span> <span class="nx">value</span> <span class="o">++</span> <span class="dl">"</span><span class="s2"> </span><span class="dl">"</span> <span class="o">++</span> <span class="nx">lastName</span>
  <span class="o">|</span> <span class="nx">None</span> <span class="o">=&gt;</span> <span class="nx">firstName</span> <span class="o">++</span> <span class="dl">"</span><span class="s2"> </span><span class="dl">"</span> <span class="o">++</span> <span class="nx">lastName</span>
  <span class="p">};</span>
<span class="p">};</span>

<span class="c1">// Pipe operators example: find the largest element smaller than 4</span>
<span class="p">[</span><span class="mi">8</span><span class="p">,</span> <span class="mi">3</span><span class="p">,</span> <span class="mi">6</span><span class="p">,</span> <span class="mi">1</span><span class="p">]</span>
  <span class="o">|&gt;</span> <span class="nx">List</span><span class="p">.</span><span class="nf">sort</span><span class="p">(</span><span class="nx">compare</span><span class="p">)</span>
  <span class="o">|&gt;</span> <span class="nx">List</span><span class="p">.</span><span class="nx">rev</span>
  <span class="o">|&gt;</span> <span class="nx">List</span><span class="p">.</span><span class="nf">find</span><span class="p">(</span><span class="nx">x</span> <span class="o">=&gt;</span> <span class="nx">x</span> <span class="o">&lt;</span> <span class="mi">4</span><span class="p">);</span>

<span class="c1">// Recursive functions (without rec, the function cannot call itself)</span>
<span class="kd">let</span> <span class="nx">rec</span> <span class="nx">countBack</span> <span class="o">=</span> <span class="nx">x</span> <span class="o">=&gt;</span> <span class="p">{</span>
  <span class="nf">if </span><span class="p">(</span><span class="nx">x</span> <span class="o">&gt;</span> <span class="mi">1</span><span class="p">)</span> <span class="p">{</span>
    <span class="nf">print_int</span><span class="p">(</span><span class="nx">x</span><span class="p">);</span>
    <span class="nf">countBack</span><span class="p">(</span><span class="nx">x</span> <span class="o">-</span> <span class="mi">1</span><span class="p">);</span>
  <span class="p">};</span>
<span class="p">};</span>

<span class="c1">// There are tuples too (unlike lists, they can contain elements of different types)</span>
<span class="p">(</span><span class="dl">"</span><span class="s2">this is</span><span class="dl">"</span><span class="p">,</span> <span class="mi">1</span><span class="p">,</span> <span class="dl">"</span><span class="s2">tuple</span><span class="dl">"</span><span class="p">,</span> <span class="dl">"</span><span class="s2">of four elements</span><span class="dl">"</span><span class="p">)</span>

<span class="c1">// And there are arrays. Unlike lists, they're mutable</span>
<span class="p">[</span><span class="o">|</span><span class="mi">3</span><span class="p">,</span> <span class="mi">4</span><span class="o">|</span><span class="p">]</span>

<span class="c1">// A pattern matching example</span>
<span class="nf">switch </span><span class="p">([</span><span class="o">|</span><span class="dl">"</span><span class="s2">a</span><span class="dl">"</span><span class="p">,</span> <span class="dl">"</span><span class="s2">b</span><span class="dl">"</span><span class="p">,</span> <span class="dl">"</span><span class="s2">c</span><span class="dl">"</span><span class="o">|</span><span class="p">])</span> <span class="p">{</span>
<span class="o">|</span> <span class="p">[</span><span class="o">|</span><span class="dl">"</span><span class="s2">a</span><span class="dl">"</span><span class="p">,</span> <span class="dl">"</span><span class="s2">b</span><span class="dl">"</span><span class="p">,</span> <span class="nx">_</span><span class="o">|</span><span class="p">]</span> <span class="o">=&gt;</span> <span class="nf">print_endline</span><span class="p">(</span><span class="dl">"</span><span class="s2">a, b and something</span><span class="dl">"</span><span class="p">)</span>
<span class="o">|</span> <span class="p">[</span><span class="o">|</span><span class="nx">_</span><span class="p">,</span> <span class="nx">x</span><span class="p">,</span> <span class="nx">y</span><span class="o">|</span><span class="p">]</span> <span class="o">=&gt;</span> <span class="nf">print_endline</span><span class="p">(</span><span class="dl">"</span><span class="s2">something and </span><span class="dl">"</span> <span class="o">++</span> <span class="nx">x</span> <span class="o">++</span> <span class="dl">"</span><span class="s2"> </span><span class="dl">"</span> <span class="o">++</span> <span class="nx">y</span><span class="p">)</span>
<span class="o">|</span> <span class="nx">_</span> <span class="o">=&gt;</span> <span class="nf">print_endline</span><span class="p">(</span><span class="dl">"</span><span class="s2">An Array</span><span class="dl">"</span><span class="p">)</span>
<span class="p">};</span>

<span class="c1">// Example Math module</span>
<span class="nx">module</span> <span class="nb">Math</span> <span class="o">=</span> <span class="p">{</span>
  <span class="kd">let</span> <span class="nx">pi</span> <span class="o">=</span> <span class="mf">3.1415</span><span class="p">;</span>
  <span class="kd">let</span> <span class="nx">add</span> <span class="o">=</span> <span class="p">(</span><span class="nx">x</span><span class="p">,</span> <span class="nx">y</span><span class="p">)</span> <span class="o">=&gt;</span> <span class="nx">x</span> <span class="o">+</span> <span class="nx">y</span><span class="p">;</span>
<span class="p">};</span>

<span class="c1">// Then access everything using dot notation</span>
<span class="nb">Math</span><span class="p">.</span><span class="nx">pi</span><span class="p">;</span> <span class="c1">// Returns 3.1415</span></code></pre></figure>]]></content><author><name>F. Javier R. Donado</name><email>jdonado@jdonado.com</email><uri>https://www.jdonado.com</uri></author><category term="programming-language" /><category term="functional-programming" /><category term="programming-language" /><category term="javascript" /><category term="ocaml" /><category term="reasonml" /><summary type="html"><![CDATA[ReasonML Programming Language]]></summary></entry><entry><title type="html">Lifescope Project</title><link href="https://blog.jdonado.com/lifescope-project/" rel="alternate" type="text/html" title="Lifescope Project" /><published>2017-09-27T00:00:00+02:00</published><updated>2017-09-27T00:00:00+02:00</updated><id>https://blog.jdonado.com/lifescope-project</id><content type="html" xml:base="https://blog.jdonado.com/lifescope-project/"><![CDATA[<h1 id="an-artificial-intelligence-software-looking-for-solutions-to-healthcare-problems">An artificial intelligence software looking for solutions to healthcare problems</h1>

<h2 id="some-history">Some history</h2>

<p>At some point in March 2017, my friend <a href="https://www.linkedin.com/in/juanff/">Juan Fernández</a> proposed me to join him in the development of a software he’s been working on as a side project. It was a script written in Python that used <a href="https://spacy.io/">spaCy</a> to analyze messages coming from a twitter stream.</p>

<p>The idea was to use the <a href="https://en.wikipedia.org/wiki/Natural_language_processing">Natural Language Processing (NLP)</a> engine of <a href="https://spacy.io/">spaCy</a> to find messages in English where a solution is proposed to a healthcare problem, tagging both problem and solution, and discarding irrelevant messages.</p>

<p>The script also analyzed the author of each message, tagging it automatically (e.g.: doctor, news source, patient…).</p>

<p>He had a first version of the script working on his computer, but he wanted to find a way to show it to the world. So I thought we could turn it into an online web application accessible for everyone and make everything Open Source. Now, the first version of our software is available online at <a href="https://lifescope.jdonado.com">https://www.lifescope-project.com</a>.</p>

<h2 id="architecture">Architecture</h2>

<h3 id="from-local-script-to-the-cloud">From local script to the cloud</h3>

<p>After some playing around with Flask, I decided that separating the analyzer from the twitter stream and the backend services was the best solution. We wanted a system that <strong>scales</strong> and that is <strong>easily maintainable</strong>. So I came about with the following <strong>microservices</strong> based architecture:</p>

<ul>
  <li><a href="https://github.com/mrdonado/health-nlp-node">A nodeJS service</a>, sending messages from the twitter stream to a <a href="http://kr.github.io/beanstalkd/">beanstalkd</a> jobs queue.</li>
  <li>The <a href="https://github.com/mrdonado/health-nlp-analysis">python analysis engine</a>, which now just takes jobs from beanstalkd and sends the results to Firebase and <a href="https://www.elastic.co/products/elasticsearch">Elasticsearch</a>.</li>
  <li><a href="https://firebase.google.com">Firebase DB</a>, serving the analyzed messages in real time to the frontend.</li>
  <li>A <a href="https://github.com/mrdonado/health-nlp-react">ReactJS + Redux</a> based frontend, that works as a showcase for the project, with an introduction, a link to <a href="http://lifescope-insights.jdonado.com/">the project’s blog</a>, and a real time timeline of analyzed messages.</li>
</ul>

<p><img src="https://blog.jdonado.com/assets/images/lifescope-architecture.png" alt="Architecture Diagram" title="Architecture Diagram" /></p>

<h2 id="features">Features</h2>

<p>With this architecture, we can show the results of the analysis in <strong>real time</strong>, while they are also saved permanently into the Elasticsearch in order to ease the integration with an <strong>upcoming statistics module</strong>. Firebase takes care of the websockets; so, our services just need to respond to on-demand requests, making scalability less demanding. We clean the Firebase DB from older messages every three hours, so that it loads quickly. Thus, the free plan with 2GB of storage is more than enough for our needs.</p>

<p>The analysis engine is now independent of the source: it just processes jobs that come from beanstalkd with a generic JSON format. We can (and we will) extend the streaming services in order to provide more sources, other than twitter (e.g.: specialized news feeds).</p>

<p>The nodeJS service also has an endpoint to which the frontend can post new messages, so that our visitors can test the analysis engine and see the results right away on the timeline.</p>

<h2 id="deployment">Deployment</h2>

<p>Everything is <a href="https://www.docker.com/">dockerized</a>, making the installation and deployment of the whole system a piece of cake, allowing us to easily move our services if the demand grows. We deployed it to a <a href="https://en.wikipedia.org/wiki/Virtual_private_server">VPS</a> and it’s working 24/7, creating an interesting database to analyze using <a href="https://en.wikipedia.org/wiki/Big_data">Big Data</a> tools.</p>

<h2 id="and-why-did-you">And why did you…</h2>

<ul>
  <li>Use <a href="https://facebook.github.io/react/">React</a> and <a href="http://redux.js.org/">Redux</a> for such a simple frontend? Side projects are for me a chance to experiment with technologies I’m still no expert with. I started writing it with <a href="https://github.com/mrdonado/health-nlp-frontend">Angular</a>, but since I already had other active projects that used Angular, I decided to rewrite it using React and Redux, because I like to use the time I spend on my side projects to learn new interesting stuff I don’t always use on my day job. Maybe just React would’ve been enough, but anyway, if the frontend grows into something more complex (which is quite likely), its scalability will be easier.</li>
  <li>Use a VPS instead of deploying it to <a href="https://aws.amazon.com">AWS</a>? A VPS is really cheap, and for this first phase is more than enough for our needs. Also, we’re not afraid to maintain ourselves a couple of Linux machines :)</li>
</ul>

<h2 id="further-steps">Further steps</h2>

<p>Now it’s time to take advantage of the information saved in the Elasticsearch. The next step is to build a new backend service (most likely, <a href="https://clojure.org/">Clojure</a> based) that provides the frontend with results of a <strong>Big Data</strong> analysis. <a href="https://d3js.org/">D3js</a> will for certain be a useful tool in order to plot that data on the frontend.</p>

<p>Do you have any questions or remarks? Feel free to ask us anything on the comments section.</p>]]></content><author><name>F. Javier R. Donado</name><email>jdonado@jdonado.com</email><uri>https://www.jdonado.com</uri></author><category term="projects" /><category term="python" /><category term="ai" /><category term="nlp" /><category term="nodejs" /><category term="docker" /><category term="architecture" /><category term="reactjs" /><category term="redux" /><summary type="html"><![CDATA[An artificial intelligence software looking for solutions to healthcare problems]]></summary></entry><entry><title type="html">Useful npm commands</title><link href="https://blog.jdonado.com/useful-npm-commands/" rel="alternate" type="text/html" title="Useful npm commands" /><published>2017-06-18T00:00:00+02:00</published><updated>2017-06-18T00:00:00+02:00</updated><id>https://blog.jdonado.com/useful-npm-commands</id><content type="html" xml:base="https://blog.jdonado.com/useful-npm-commands/"><![CDATA[<h1 id="quick-reference-of-some-useful-commands">Quick reference of some useful commands</h1>

<h2 id="avoid-conflicts">Avoid conflicts</h2>

<p>If you’ve been using nodeJS npm package manager, chances are, sooner or later you will get conflicts within your dependencies. Maybe you’re cloning an old project or maybe you just updated your environment and your <code class="language-plaintext highlighter-rouge">node_modules</code> folder must be regenerated.</p>

<p>Sometimes after running <code class="language-plaintext highlighter-rouge">npm install</code> you don’t get exactly the modules that you need and suddenly things don’t work as expected anymore.</p>

<p>This might happen when there’s <a href="https://docs.npmjs.com/misc/semver">no specific version</a> defined of some dependencies in your <code class="language-plaintext highlighter-rouge">package.json</code>, but rather an approximate one (e.g.: using a tilde, as in <code class="language-plaintext highlighter-rouge">~1.2.3</code> or a caret, as in <code class="language-plaintext highlighter-rouge">^1.2.3</code>).</p>

<p>While tildes and carets can be useful if you want to automatically use more recent versions when available, they can sometimes break your project if anything new isn’t compatible with your current code.</p>

<p>By just specifying a version number without carets and tildes (as in <code class="language-plaintext highlighter-rouge">1.2.3</code>), you fix the specific version of each dependency you need.</p>

<h3 id="lock-down-dependency-versions">Lock down dependency versions</h3>

<p>Sometimes using specific module versions is not enough. Saving a list with the specific versions of all your dependencies might save your day.</p>

<p>Use the <a href="https://docs.npmjs.com/cli/shrinkwrap">npm-shrinkwrap</a> command in order to create an <code class="language-plaintext highlighter-rouge">npm-shrinkwrap.json</code> file that <a href="https://docs.npmjs.com/files/package-locks">locks</a> all the npm dependencies:</p>

<p><code class="language-plaintext highlighter-rouge">npm shrinkwrap</code></p>

<p>Another (even better) alternative is to use <a href="https://yarnpkg.com/en/docs/yarn-lock">Yarn</a> to create a <code class="language-plaintext highlighter-rouge">yarn.lock</code> file, which has the same goal as the <code class="language-plaintext highlighter-rouge">npm-shrinkwrap.json</code>, but it seems to follow a more deterministic approach, being therefore safer.</p>

<p>Yarn is compatible with the same <code class="language-plaintext highlighter-rouge">package.json</code> of npm, so you can just install it globally (<code class="language-plaintext highlighter-rouge">npm install -g yarn</code>) and try it out right away by simply running <code class="language-plaintext highlighter-rouge">yarn</code> on your project’s root folder, which will generate the <code class="language-plaintext highlighter-rouge">yarn.lock</code>.</p>

<p>It is a very good idea to add this <code class="language-plaintext highlighter-rouge">yarn.lock</code> to your version control.</p>

<h2 id="remove-unneeded-dependencies">Remove unneeded dependencies</h2>

<p>If you want to remove modules from your <code class="language-plaintext highlighter-rouge">node_modules</code> directory that you once installed, but that are not required anymore by your project, you can use <a href="https://docs.npmjs.com/cli/prune">prune</a>:</p>

<p><code class="language-plaintext highlighter-rouge">npm prune</code></p>

<p><code class="language-plaintext highlighter-rouge">npm prune --production</code> will also remove the <em>devDependencies</em>.</p>

<p>This is particularly useful before running <code class="language-plaintext highlighter-rouge">npm shrinkwrap</code> if you manually removed dependencies from your <code class="language-plaintext highlighter-rouge">package.json</code>.</p>

<h2 id="list-outdated-dependencies">List outdated dependencies</h2>

<p>If you want to check out which dependencies within your project are outdated, you can use the <a href="https://docs.npmjs.com/cli/outdated">npm-outdated</a> command:</p>

<p><code class="language-plaintext highlighter-rouge">npm outdated</code></p>

<h2 id="update-dependencies">Update dependencies</h2>

<p>With the module <code class="language-plaintext highlighter-rouge">npm-check-updates</code>, you can automatically update your dependencies to the latest versions (be careful when doing this, since modifying various depencencies at once might break things down).</p>

<ul>
  <li><code class="language-plaintext highlighter-rouge">npm i -g npm-check-updates</code> Install the <a href="https://www.npmjs.com/package/npm-check-updates">npm-check-updates</a> module globally</li>
  <li><code class="language-plaintext highlighter-rouge">npm-check-updates -u</code> the option -u upgrades your <code class="language-plaintext highlighter-rouge">package.json</code> automatically</li>
  <li><code class="language-plaintext highlighter-rouge">npm install</code> in order to install the new versions of the dependencies (you might need to remove the <code class="language-plaintext highlighter-rouge">node_modules</code> directory first)</li>
</ul>

<h2 id="some-other-useful-commands">Some other useful commands</h2>

<ul>
  <li><code class="language-plaintext highlighter-rouge">npm ls</code> list the installed packages</li>
  <li><code class="language-plaintext highlighter-rouge">npm dedupe</code> reduce duplication</li>
</ul>]]></content><author><name>F. Javier R. Donado</name><email>jdonado@jdonado.com</email><uri>https://www.jdonado.com</uri></author><category term="vim" /><category term="npm" /><category term="nodejs" /><summary type="html"><![CDATA[Quick reference of some useful commands]]></summary></entry><entry><title type="html">Vim magic</title><link href="https://blog.jdonado.com/vim-magic/" rel="alternate" type="text/html" title="Vim magic" /><published>2017-05-28T00:00:00+02:00</published><updated>2017-05-28T00:00:00+02:00</updated><id>https://blog.jdonado.com/vim-magic</id><content type="html" xml:base="https://blog.jdonado.com/vim-magic/"><![CDATA[<h1 id="vim-magic">Vim magic</h1>

<p>I’ve been using the <a href="http://www.vim.org">vim editor</a> for a while now, and I really like it.
But it’s true that the learning curve is very steep. There are so many options, that even
after years of using it, you can still discover lots of new tricks.</p>

<p>This is a compilation of my favorite commands. I will keep updating this post in the future
whenever I discover new interesting stuff (this is kind of a personal quick reference).</p>

<h2 id="in-normal-mode">In normal mode</h2>

<h3 id="edition-magic">Edition magic</h3>

<ul>
  <li><code class="language-plaintext highlighter-rouge">vi"</code> Select everything <em>inside</em> <code class="language-plaintext highlighter-rouge">"</code>. It also works with parenthesis, brackets, tags…</li>
  <li><code class="language-plaintext highlighter-rouge">di"</code> Delete everything <em>inside</em> <code class="language-plaintext highlighter-rouge">"</code>. Same as before.</li>
  <li><code class="language-plaintext highlighter-rouge">da"</code> Delete everything <em>inside</em> <code class="language-plaintext highlighter-rouge">"</code>, including the surrounding <code class="language-plaintext highlighter-rouge">"</code></li>
  <li><code class="language-plaintext highlighter-rouge">CTRL+v</code> Start visual mode, selecting columns</li>
  <li><code class="language-plaintext highlighter-rouge">=&lt;next position&gt;</code> Indent</li>
  <li><code class="language-plaintext highlighter-rouge">zz</code> Scroll the current line to the center of the window</li>
  <li><code class="language-plaintext highlighter-rouge">zt</code> Scroll the current line to the top of the window</li>
  <li><code class="language-plaintext highlighter-rouge">zb</code> Scroll the current line to the bottom of the window</li>
  <li><code class="language-plaintext highlighter-rouge">cs"'</code> Change the surrounding double quotes by simple quotes
(<a href="http://www.vim.org/scripts/script.php?script_id=1697">surround.vim</a> is required)</li>
  <li><code class="language-plaintext highlighter-rouge">/\csearchString</code> Perform a case insensitive search</li>
  <li><code class="language-plaintext highlighter-rouge">/\CsearchString</code> Perform a case sensitive search</li>
</ul>

<h3 id="marks">Marks</h3>

<ul>
  <li><code class="language-plaintext highlighter-rouge">mk</code> mark the current position as <code class="language-plaintext highlighter-rouge">k</code> (any other lowercase letter will do)</li>
  <li><code class="language-plaintext highlighter-rouge">mK</code> mark the current position as <code class="language-plaintext highlighter-rouge">K</code>. Uppercase means that it is a global mark,
and it will be available even if you currently have a different file opened.</li>
  <li><code class="language-plaintext highlighter-rouge">'k</code> jump to the position previously marked as <code class="language-plaintext highlighter-rouge">k</code></li>
</ul>

<h3 id="folds">Folds</h3>

<ul>
  <li><code class="language-plaintext highlighter-rouge">zf'k</code> fold lines until the <code class="language-plaintext highlighter-rouge">k</code> mark</li>
  <li><code class="language-plaintext highlighter-rouge">zo</code> open the folded code</li>
  <li><code class="language-plaintext highlighter-rouge">zc</code> close the folded code</li>
  <li><code class="language-plaintext highlighter-rouge">za</code> toggle the folded code</li>
</ul>

<h3 id="sessions">Sessions</h3>

<ul>
  <li><code class="language-plaintext highlighter-rouge">:mks ~/.vim/foo.vim</code> Save the current vim session</li>
  <li><code class="language-plaintext highlighter-rouge">:source ~/.vim/foo.vim</code> Restore the previously saved session</li>
</ul>

<h3 id="tabs">Tabs</h3>

<ul>
  <li><code class="language-plaintext highlighter-rouge">gT</code> Go to the previous tab</li>
  <li><code class="language-plaintext highlighter-rouge">gt</code> Go to the next tab</li>
  <li><code class="language-plaintext highlighter-rouge">:tabfind &lt;TAB&gt;</code> Find a file with autocompletion and open it in a new tab</li>
</ul>

<h3 id="splitting">Splitting</h3>

<ul>
  <li><code class="language-plaintext highlighter-rouge">vsplit</code> Split vertically</li>
  <li><code class="language-plaintext highlighter-rouge">split</code> Split horizontally</li>
</ul>

<h3 id="other-commands">Other commands</h3>

<ul>
  <li><code class="language-plaintext highlighter-rouge">:echo $VIM</code> Show the path to the vimrc configuration file (usually just <code class="language-plaintext highlighter-rouge">~/.vimrc</code>)</li>
  <li><code class="language-plaintext highlighter-rouge">:!command</code> Run a unix command</li>
  <li><code class="language-plaintext highlighter-rouge">:!!</code> Swap the selection by the stdout of the last command</li>
  <li><code class="language-plaintext highlighter-rouge">:e .</code> Open the file explorer on the current directory, in order to edit a file</li>
  <li><code class="language-plaintext highlighter-rouge">:find *.js &lt;TAB&gt;</code> Find a file with extension <code class="language-plaintext highlighter-rouge">.js</code> using autocompletion</li>
  <li><code class="language-plaintext highlighter-rouge">:b &lt;TAB&gt;</code> Open a file that has been previously opened (and is still in the buffer)</li>
  <li><code class="language-plaintext highlighter-rouge">:ls</code> List the previously opened files</li>
  <li><code class="language-plaintext highlighter-rouge">:vert diffs otherfile</code> Diff the current file with <code class="language-plaintext highlighter-rouge">otherfile</code></li>
</ul>

<h2 id="in-edit-mode">In edit mode</h2>

<ul>
  <li><code class="language-plaintext highlighter-rouge">&lt;CTRL&gt;n</code> Autocomplete</li>
</ul>

<h2 id="custom-settings">Custom settings</h2>

<p>These settings can be saved into the vimrc file.</p>

<ul>
  <li><code class="language-plaintext highlighter-rouge">syntax on</code> Activate the syntax highlighting</li>
  <li><code class="language-plaintext highlighter-rouge">set number</code> Show the line numbers</li>
  <li><code class="language-plaintext highlighter-rouge">set autoindent</code> Autoindentation</li>
  <li><code class="language-plaintext highlighter-rouge">set path+=**</code> Include subdirectories when finding a file</li>
  <li><code class="language-plaintext highlighter-rouge">set wildmenu</code> Menu helper when using tab finding files or directories</li>
  <li><code class="language-plaintext highlighter-rouge">set nocompatible</code> Ignore compatibility with ancient vi versions</li>
  <li><code class="language-plaintext highlighter-rouge">set smartcase</code> Always perform case insensitive search unless you search for capital letters</li>
  <li><code class="language-plaintext highlighter-rouge">set wildignore+=**/node_modules/**</code> Ignore directory when finding files</li>
  <li><code class="language-plaintext highlighter-rouge">set wrap linebreak nolist</code> Activate word wrap</li>
</ul>

<h2 id="exporting-your-configuration">Exporting your configuration</h2>

<p>You can save your custom vim configuration to a repository and synchronize it with
any other machine.</p>

<p>In order to do that, just initialize your <code class="language-plaintext highlighter-rouge">~/.vim</code> directory as a git repository,
and push it to the cloud (e.g.: to GitHub). You can find <a href="https://github.com/mrdonado/.vim">mine here</a>
(follow the instructions on the README in order to set it up).</p>

<h2 id="and-of-course">…and of course</h2>

<ul>
  <li><code class="language-plaintext highlighter-rouge">:q!</code> <a href="https://stackoverflow.blog/2017/05/23/stack-overflow-helping-one-million-developers-exit-vim/">Don’t get trapped</a>.
Leave without saving :)</li>
</ul>

<h2 id="references">References</h2>

<ul>
  <li><a href="https://www.youtube.com/watch?v=XA2WjJbmmoM">How to do 90% of what plugins do (youtube)</a></li>
  <li><a href="https://www.youtube.com/watch?v=wlR5gYd6um0">Mastering the vim language (youtube)</a></li>
  <li><a href="https://www.youtube.com/watch?v=5r6yzFEXajQ&amp;t=310s">Vim + tmux (youtube)</a></li>
  <li><a href="http://www.vim.org/docs.php">Vim documentation</a></li>
  <li><a href="https://medium.freecodecamp.org/learn-linux-vim-basic-features-19134461ab85">Why I love Vim: It’s the lesser known features…</a></li>
</ul>]]></content><author><name>F. Javier R. Donado</name><email>jdonado@jdonado.com</email><uri>https://www.jdonado.com</uri></author><category term="vim" /><category term="vim" /><summary type="html"><![CDATA[Vim magic]]></summary></entry><entry><title type="html">Restore clover using Windows</title><link href="https://blog.jdonado.com/restore-clover/" rel="alternate" type="text/html" title="Restore clover using Windows" /><published>2017-05-26T00:00:00+02:00</published><updated>2017-05-26T00:00:00+02:00</updated><id>https://blog.jdonado.com/restore-clover</id><content type="html" xml:base="https://blog.jdonado.com/restore-clover/"><![CDATA[<h1 id="restore-your-configplist">Restore your config.plist</h1>

<p>Clover is a boot manager that allows you to select the OS you want to boot with. It is used mostly by Hackintosh users, that is, people that install MacOSX (along with other OSs, like Linux and Windows) on a non-Apple machine.</p>

<p>The Clover configuration can be quite tricky, and if you’re not lucky you can easily mess it up. That’s why it’s more than advisable to keep a backup of the <code class="language-plaintext highlighter-rouge">/EFI/CLOVER/config.plist</code> configuration file.</p>

<p>If you happen to break down your MacOSX boot, but you still have a working Windows boot on the same machine, you can follow these steps in order to restore a backup of <code class="language-plaintext highlighter-rouge">config.plist</code>:</p>

<ul>
  <li>Open an administrator console (run <code class="language-plaintext highlighter-rouge">cmd.exe</code> as Administrator) and type the following:</li>
  <li><code class="language-plaintext highlighter-rouge">diskpart</code> (open diskpart)</li>
  <li><code class="language-plaintext highlighter-rouge">list disk</code> (list your hard drives with)</li>
  <li><code class="language-plaintext highlighter-rouge">select disk 1</code> (select the disk where your Clover EFI boot has been installed. 1 is just an example)</li>
  <li><code class="language-plaintext highlighter-rouge">list partition</code> (list the partitions available on the selected disk)</li>
  <li><code class="language-plaintext highlighter-rouge">select partition 1</code> (select the boot EFI partition)</li>
  <li><code class="language-plaintext highlighter-rouge">assign letter=s</code> (assign a letter. S in this case)</li>
  <li><code class="language-plaintext highlighter-rouge">exit</code> (exit diskpart)</li>
  <li><code class="language-plaintext highlighter-rouge">s:</code> (go to the just mounted boot partition)</li>
  <li><code class="language-plaintext highlighter-rouge">cd EFI\CLOVER\</code></li>
  <li><code class="language-plaintext highlighter-rouge">copy c:\backups\config.plist .</code> (c:\backups is just an example. Replace this path by the path where you have your config.plist backup)</li>
</ul>

<p>If everything worked fine, you can now restart and use your MacOSX boot again.</p>

<p>In addition to that, some Clover prefixes that can help you find out what went wrong are:</p>

<ul>
  <li><code class="language-plaintext highlighter-rouge">-x</code> start using the safe mode</li>
  <li><code class="language-plaintext highlighter-rouge">-v</code> verbose mode</li>
</ul>

<p>You can find more information about Hackintosh and Clover on <a href="https://www.tonymacx86.com/">tonymac86</a>.</p>]]></content><author><name>F. Javier R. Donado</name><email>jdonado@jdonado.com</email><uri>https://www.jdonado.com</uri></author><category term="clover" /><category term="hackintosh" /><category term="clover" /><category term="windows" /><summary type="html"><![CDATA[Restore your config.plist]]></summary></entry></feed>